#{"t_start": 1770295461.3780954, "env_id": "None"}
r,l,t
17.726,74,0.955942
11.714,25,0.956584
9.952,52,0.957734
22.885,106,0.96
4.182,30,0.960716
2.112,36,1.241323
4.584,39,1.279629
10.464,51,1.333515
8.036,44,1.381957
19.339,64,1.443352
2.789,20,1.461952
13.525,46,1.50842
-0.641,13,1.522554
5.696,29,1.551782
18.684,78,1.62684
25.649,128,1.741897
15.832,64,1.804127
-0.586,8,1.813123
28.011,141,1.939236
41.499,140,2.070298
48.811,160,2.21686
0.807,18,2.234349
0.317,17,2.252299
-1.087,8,2.261395
15.733,73,2.329924
0.774,21,2.350282
25.77,117,2.45772
1.754,23,2.479393
14.131,82,2.556754
6.098,38,2.591533
4.617,36,2.629945
4.573,40,2.666981
9.495,48,2.710227
4.837,16,2.729609
1.809,18,2.748105
2.778,21,2.769053
5.107,37,2.804047
10.574,41,2.845413
25.324,112,2.946678
11.901,57,2.999055
12.501,48,3.046408
29.167,127,4.827985
21.514,94,4.916493
37.778,164,5.066358
12.881,59,5.12353
3.527,44,5.165655
1.33,16,5.181248
13.349,62,5.242014
7.056,42,5.282622
1.242,24,5.30829
11.51,47,5.354357
5.151,33,5.387065
-0.586,8,5.395923
3.257,23,5.422005
6.687,30,5.452136
13.068,42,5.49264
2.299,19,5.514383
19.117,35,5.548914
25.181,125,5.66443
58.298,257,5.895719
13.426,55,5.947654
0.394,10,5.958494
42.125,130,6.0804
6.61,37,6.113984
11.334,63,6.17745
9.506,47,6.222382
-1.076,7,6.233699
0.394,10,6.244372
12.817,15,6.261094
8.592,39,6.298032
10.409,56,6.352928
-1.109,10,6.363529
26.359,109,6.466523
14.786,68,6.528045
1.787,20,6.550951
7.056,42,6.591282
0.328,16,6.607611
15.821,65,6.671665
-0.608,10,6.682346
7.491,48,6.726143
6.263,23,6.749363
4.793,20,6.773152
4.771,22,8.20004
29.266,118,8.304906
6.131,35,8.336044
37.15,130,8.46558
-0.63,12,8.481182
0.383,11,8.492407
8.493,48,8.542812
2.222,26,8.567293
19.934,101,8.662189
23.408,104,8.757544
-0.641,13,8.770832
35.774,164,8.916033
36.33,159,9.058743
9.831,63,9.115836
7.59,39,9.15498
4.281,21,9.175845
8.124,36,9.210632
28.297,115,9.320643
44.126,179,9.485464
-1.109,10,9.495516
42.975,147,9.631723
52.253,166,9.788937
37.194,126,9.903677
9.561,42,9.941538
27.179,80,10.018071
58.678,268,11.828498
58.931,245,12.044907
53.062,232,12.249737
46.857,204,12.439489
10.662,33,12.473995
50.283,163,12.623247
22.34,61,12.68388
10.932,54,12.734578
0.361,13,12.747553
5.129,35,12.784517
29.222,122,12.900907
19.774,70,12.968491
2.09,38,13.003396
36.787,163,13.154547
5.421,54,13.210113
5.327,17,13.228081
41.566,184,13.402853
11.824,64,13.462918
69.502,286,14.892155
27.119,131,15.014525
2.2,28,15.041209
21.944,52,15.094345
13.14,81,15.170857
41.135,128,15.291988
19.207,76,15.363206
21.635,83,15.439044
2.811,18,15.460047
13.371,60,15.514842
90.275,356,15.841821
27.906,105,15.941146
11.945,53,15.994345
21.068,89,16.073226
56.624,227,16.274376
22.659,81,16.35416
23.986,97,16.660582
19.394,59,16.718003
28.853,110,16.821534
43.019,141,18.000774
26.056,91,18.086464
15.083,41,18.123548
25.478,98,18.215375
10.899,57,18.271559
6.599,38,18.307613
29.213,74,18.382193
15.072,42,18.422398
15.524,92,18.508918
39.982,143,18.64229
6.368,59,18.699559
1.809,18,18.716881
41.588,182,18.883835
16.267,70,18.946624
51.589,133,19.073155
14.874,60,19.132396
29.47,145,19.265619
20.934,53,19.319857
5.3,65,19.380669
69.4,246,19.609916
22.571,89,19.689218
13.305,66,19.75209
15.342,63,19.813828
56.423,149,21.164234
2.266,22,21.18508
41.115,131,21.307043
40.165,126,21.427225
15.287,68,21.491689
7.59,39,21.527929
32.144,80,21.607372
59.384,199,21.794236
31.518,141,21.923761
-0.597,9,21.933844
6.88,58,21.989801
74.756,260,22.231075
29.448,147,22.365794
11.769,69,22.433988
20.512,94,22.521147
14.153,80,22.594141
50.144,224,22.794439
25.996,142,22.924359
22.962,99,24.132254
4.672,31,24.165179
11.301,66,24.227207
4.793,20,24.246103
38.345,158,24.395664
7.232,26,24.420546
37.995,96,24.515562
12.226,73,24.596611
30.67,127,24.719967
20.479,97,24.812206
16.102,85,24.892734
28.275,117,25.003614
50.461,192,25.186236
24.988,97,25.274139
37.398,153,25.420372
15.441,54,25.470991
21.272,116,25.581367
3.813,18,25.60297
37.792,115,25.714979
10.954,52,25.764886
15.777,69,25.832295
84.307,352,27.077284
9.638,35,27.109833
25.935,102,27.204604
17.638,82,27.281285
41.142,177,27.438388
49.962,195,27.614639
9.462,51,27.659688
22.351,109,27.757234
15.898,58,27.815833
44.168,125,27.931759
34.937,149,28.063746
32.839,112,28.165316
55.387,106,28.263345
24.195,76,28.338946
-0.338,31,28.368486
5.498,47,28.41725
32.536,90,28.503733
20.446,100,28.590619
30.355,60,28.667121
14.742,72,28.737956
9.952,52,28.787637
27.24,120,30.089748
41.055,88,30.178962
79.374,345,30.49479
40.707,171,30.653357
-0.586,8,30.66157
40.162,175,30.821271
7.133,35,30.853406
36.932,101,30.954103
7.557,42,30.999531
25.445,101,31.094538
9.842,62,31.149744
53.574,231,31.361607
18.486,96,31.450486
32.867,155,31.800084
27.727,71,31.87094
0.873,12,31.883079
27.416,104,31.980536
16.223,74,32.051382
-0.597,9,32.061244
8.57,41,32.098745
81.923,341,33.61597
74.553,280,33.868318
33.511,142,34.004782
35.019,93,34.094177
28.743,120,34.203375
13.806,66,34.264977
32.501,95,34.356439
3.604,37,34.391629
7.86,60,34.450575
0.35,14,34.464427
56.503,238,34.677246
46.334,206,34.860987
14.373,60,34.914226
12.055,43,34.95639
72.145,319,35.249568
20.93,56,36.447922
43.146,177,36.614837
41.669,126,36.736144
6.968,50,36.788805
12.947,53,36.839803
17.423,56,36.896189
34.849,157,37.043648
25.291,115,37.170179
18.629,83,37.25211
14.318,65,37.315322
7.926,54,37.364862
22.318,112,37.470019
6.186,30,37.497732
58.907,199,37.681705
39.16,175,37.843145
11.532,45,37.88568
1.721,26,37.910823
24.867,108,38.012431
10.453,52,38.063688
9.005,47,38.107666
42.879,154,38.257205
24.288,67,38.32087
2.525,44,38.365977
30.395,152,39.435604
10.288,67,39.49964
20.501,95,39.588628
1.396,10,39.599598
13.674,78,39.670789
28.253,119,39.779265
48.294,210,39.975296
85.491,381,40.325811
36.743,167,40.479609
27.114,82,40.559758
22.742,119,40.670605
27.15,80,40.746977
12.859,61,40.803804
7.491,48,40.852654
36.549,89,40.938634
14.439,54,40.988616
24.278,116,41.103967
86.548,376,42.676264
15.078,87,42.755196
27.405,105,42.850505
16.757,71,42.915152
8.08,40,42.950859
13.795,67,43.012005
4.039,43,43.049763
74.141,272,43.288442
10.376,59,43.344159
23.558,42,43.383916
19.89,105,43.479117
14.852,62,43.538225
44.407,199,43.713784
45.665,126,43.827629
14.175,78,43.89896
23.0,47,43.945654
11.879,59,43.996543
18.998,95,44.081434
12.457,52,44.127078
30.714,123,44.236446
6.5,47,44.281995
23.353,109,45.936429
3.169,31,45.964902
46.122,131,46.084956
13.415,56,46.140061
22.208,122,46.248646
37.904,102,46.341333
26.623,85,46.414906
16.79,68,46.477575
30.246,120,46.583835
13.905,57,46.633741
31.509,46,46.681122
16.944,54,46.72852
34.312,112,46.830098
2.778,21,46.852912
2.492,47,46.896073
13.25,71,46.961051
41.463,145,47.654023
10.607,38,47.692062
23.656,127,47.804593
97.823,349,48.112269
32.59,86,48.193059
43.68,174,49.469117
1.732,25,49.493162
9.908,56,49.546731
15.81,66,49.615918
22.422,57,49.673697
23.375,107,49.77471
13.894,58,49.827617
34.544,89,49.912225
20.336,110,50.01089
24.903,57,50.068314
30.69,77,50.142589
62.119,274,50.390819
13.773,69,50.452453
36.319,160,50.601449
23.425,52,50.648813
38.62,133,50.766117
8.961,51,50.812256
11.053,43,50.849852
34.992,144,50.977988
48.905,200,51.149455
21.701,77,51.219822
16.377,60,51.271452
35.763,165,52.99322
55.738,167,53.141002
14.307,66,53.2041
3.015,45,53.246918
111.489,428,53.628826
0.361,13,53.642201
46.758,213,53.831042
7.601,38,53.865481
78.445,242,54.11023
61.863,203,54.294106
14.285,68,54.354438
19.928,56,54.407954
3.549,42,54.446665
67.79,209,54.631629
2.712,27,54.657114
70.492,190,56.346563
6.445,52,56.396314
72.112,322,56.68689
33.186,126,56.801265
31.98,99,56.890784
10.998,48,56.933493
45.226,119,57.041661
51.135,225,57.238844
41.115,131,57.35665
27.851,110,57.454135
61.949,147,57.584958
36.363,156,57.723876
25.346,110,57.823069
1.831,16,57.840378
26.073,135,57.96457
39.033,141,58.089473
29.653,80,59.693397
27.036,93,59.776102
16.223,74,59.838944
86.624,320,60.119016
33.434,149,60.251242
50.986,193,60.419631
33.706,75,60.486352
81.852,205,60.673541
49.897,151,60.811954
14.698,76,60.877843
26.271,117,60.981283
43.066,87,61.063295
16.592,86,61.139748
18.387,105,61.236127
33.577,136,61.358448
20.088,87,61.438218
31.325,113,63.160943
15.876,60,63.219776
85.813,206,63.416343
49.887,105,63.521408
25.247,119,63.636534
18.915,57,63.690792
61.463,194,63.879152
16.311,66,63.944303
6.968,50,63.992337
57.796,208,64.520451
13.228,73,64.587325
2.613,36,64.619321
62.861,155,64.762937
51.178,172,64.914462
42.628,130,65.031157
20.941,55,65.083438
53.178,124,65.197698
53.739,216,66.95288
18.057,40,66.990476
0.427,7,66.998111
61.444,145,67.133068
54.029,186,67.298248
23.518,94,67.382549
3.747,24,67.405171
51.438,243,67.617256
29.2,124,67.72723
50.728,168,67.87844
48.338,206,68.058854
2.343,15,68.073417
56.371,250,68.291559
23.865,108,68.386998
1.22,26,68.411302
42.315,113,68.514921
47.826,207,68.696466
66.113,225,70.437227
37.179,77,70.505089
83.386,295,70.765311
33.283,69,70.828403
47.876,106,70.927473
6.935,53,70.979248
47.368,107,71.080917
57.919,198,71.256127
59.14,226,71.472547
17.682,78,71.542048
31.182,77,71.61662
16.212,75,71.687049
56.261,260,71.921919
62.708,218,72.125999
58.393,199,73.817891
72.806,208,74.009488
35.83,63,74.073293
62.895,249,74.296723
0.851,14,74.310315
73.846,301,74.581853
28.733,72,74.648171
89.758,308,74.926286
74.019,235,75.141413
79.192,316,75.424125
63.473,242,77.135347
3.312,18,77.151796
17.115,84,77.228231
15.689,77,77.297749
51.041,188,77.461378
15.678,78,77.531732
54.139,79,77.60782
18.574,88,77.686451
17.649,81,77.756047
8.449,52,77.804631
14.274,69,77.864656
21.437,101,77.954635
57.582,231,78.155077
15.309,66,78.214844
81.111,227,78.416491
88.21,265,78.653854
55.187,221,80.390699
5.432,53,80.452142
10.921,55,80.512644
6.186,30,80.542392
36.561,89,80.630973
49.909,103,80.733347
3.191,29,80.762692
13.239,72,80.833508
41.59,133,80.962357
42.689,124,81.082933
8.906,56,81.140472
49.044,137,81.811172
33.177,78,81.888891
20.776,70,81.956623
45.142,175,82.117975
24.718,76,82.188962
13.239,72,82.25598
22.599,132,82.375687
51.698,77,82.448701
36.771,116,82.558475
62.712,169,82.718017
12.936,54,82.769178
10.365,60,82.823793
12.149,80,84.221533
20.347,109,84.322853
72.67,173,84.485876
28.692,28,84.515716
64.045,233,84.729222
42.225,120,84.838295
82.661,271,85.081384
18.304,67,85.144751
119.895,342,85.456898
56.611,179,85.616414
50.955,98,85.70971
71.583,181,85.881485
52.439,149,86.018756
39.237,72,86.092022
25.093,133,87.518415
43.96,146,87.654657
50.335,157,87.801634
100.274,449,88.213545
51.398,151,88.373142
8.796,66,88.434562
26.717,122,88.549029
8.438,53,88.59729
58.54,137,88.720493
3.334,16,88.735744
39.915,102,88.829476
9.754,70,88.893813
16.471,97,88.981943
37.183,79,89.053658
39.313,112,89.1586
3.125,35,89.195073
65.94,291,90.865849
11.031,45,90.90737
34.772,164,91.05966
29.668,127,91.176783
37.921,151,91.314714
118.906,438,91.71533
53.219,167,91.874331
16.278,69,91.939934
82.388,295,92.230748
7.502,47,92.278308
112.75,404,94.14696
10.745,71,94.209752
99.257,356,94.529904
51.946,99,94.626104
24.333,111,94.728684
23.177,125,94.842442
14.043,90,94.927527
83.496,236,95.14895
35.125,83,95.229989
47.226,216,95.423174
22.874,107,95.51967
49.782,162,95.661991
59.543,137,95.787356
39.062,89,95.868719
78.742,214,97.578818
14.742,24,97.602781
32.382,108,97.702366
38.554,139,97.829056
49.285,211,98.023473
50.199,219,98.774996
7.359,60,98.831535
107.381,344,99.145705
62.587,277,99.393712
18.293,68,99.457209
25.517,140,99.580808
19.097,86,99.661644
10.618,37,99.695939
20.121,84,99.778896
77.462,240,101.437113
76.367,202,101.632954
81.611,224,101.842805
17.038,91,101.930659
13.806,66,101.992167
26.441,52,102.053088
43.496,142,102.185411
58.501,141,102.355138
21.921,55,102.414089
37.854,108,102.534434
72.222,312,102.846496
103.133,223,103.073742
119.092,369,103.431858
112.114,368,105.314365
12.6,39,105.352865
19.675,79,105.421022
11.956,52,105.47051
108.293,303,105.771376
72.645,175,105.955635
56.655,127,106.072978
59.941,147,106.217564
2.178,30,106.246209
6.065,41,106.286742
42.623,83,106.368155
38.004,94,106.453573
45.473,95,106.545009
4.182,30,106.576463
5.674,31,106.605947
14.494,49,106.651916
20.578,88,106.735008
1.754,23,106.756903
8.972,50,106.80563
35.437,50,106.854702
38.648,176,108.297806
18.695,77,108.37009
71.963,97,108.464761
68.719,168,108.620119
64.914,245,108.85062
56.915,149,108.98491
27.438,102,109.078052
15.733,73,109.143838
9.192,30,109.174715
93.645,272,109.422164
20.319,66,109.486709
90.981,285,109.751928
30.83,158,109.899416
17.181,78,109.970375
100.222,358,111.520268
19.053,90,111.60067
36.087,86,111.679936
64.23,168,111.833647
7.915,55,111.886727
